original_language,language,language_variant
English (American),English,American
English (Australian),English,Australian
English (British),English,British
French (French),French,French
French (Quebecois),French,Quebecois
German,German,German
Mandarin (Beijing),Mandarin,Beijing)
Mandarin (Taiwanese),Mandarin,Taiwanese
Spanish (European),Spanish,European
Spanish (Mexican),Spanish,Mexican
